create database gestionBiblio
use gestionBiblio
go
create table auteur(id_auteur int primary key,nom_auteur varchar(50))
create table editeur(id_editeur int primary key,nom_editeur varchar(50))
create table types(codetype int primary key,nom_type varchar(50))

create table ouvrage(titre varchar(60) primary key,id_auteur int foreign key references auteur(id_auteur),année_édition varchar(4),id_editeur int foreign key references editeur(id_editeur),id_type int foreign key references types(codetype))

--insert auteur values 

insert into auteur values(1,'Paulo Coelho')
insert into auteur values(2,'Romain Gary')
insert into auteur values(3,'Albert Camus')
insert into auteur values(4,'Haruki Murakami')
insert into auteur values(5,'Laurent Gounelle')
insert into auteur values(6,'Aino Adriaens')
insert into auteur values(7,'George Orwell')
insert into auteur values(8,'Joanne Rowling')
insert into auteur values(9,'Victor Hugo')
insert into auteur values(10,'Friedrich Nietzsche')
insert into auteur values(11,'Patrick Süskind')
insert into auteur values(12,'Harper Lee')
insert into auteur values(13,'Albert Einstein')
insert into auteur values(14,'Marcel Proust')
insert into auteur values(15,'Claude Simon')
insert into auteur values(16,'Antoine de Saint-Exupéry')
insert into auteur values(17,'Fiodor Dostoïevski')
insert into auteur values(18,'Marie NDiaye')
insert into auteur values(19,'Mirko Inverno')
insert into auteur values(20,'François Sarano')
insert into auteur values(21,'Peter Wohlleben')
insert into auteur values(22,'Jean-Paul Sartre')
insert into auteur values(23,'Yasunari Kawabata')
insert into auteur values(24,'Eric Sarrion')
insert into auteur values(25,'Sonia Baibou')
insert into auteur values(26,'Andreas-C Müller')
insert into auteur values(27,'Cyrille Herby')
insert into auteur values(28,'Maxime Frappat')
insert into auteur values(29,'Myret Zaki')
insert into auteur values(30,'Emilie Raffo')
insert into auteur values(31,'Philippe Herlin')
insert into auteur values(32,'Gregory Mankiw')
insert into auteur values(33,'Marc Voltenauer')
insert into auteur values(34,'Ragnar Jonasson')
insert into auteur values(35,'Nicolas Feuz')
insert into auteur values(36,'Lisa Gardner')
insert into auteur values(37,'Peter May')
insert into auteur values(38,'Kim Pasche')
insert into auteur values(39,'Jean-François Marmion')
insert into auteur values(40,'Jacques Martel')
insert into auteur values(41,'Saine Julie Chapon')
insert into auteur values(42,'Michel Odoul')
insert into auteur values(43,'Germaine Cousin')
insert into auteur values(44,'Jean Seignalet')
insert into auteur values(45,'Fabrice Abgrall')
insert into auteur values(46,'Kilian Jornet')
insert into auteur values(47,'Christopher McDougall')
insert into auteur values(48,'Frédéric Lenoir')
insert into auteur values(49,'Charles Perez')
insert into auteur values(50,'Florent Garin')
insert into auteur values(51,'Patrick Beuzit')
insert into auteur values(52,'Brice-Arnaud Guérin')
insert into auteur values(53,'Ray Bradbury')
insert into auteur values(54,'John Ronald Reuel Tolkien')
insert into auteur values(55,'Lisa A Urry')
insert into auteur values(56,'David Sinclair')
insert into auteur values(57,'Paul Avanzi')
insert into auteur values(58,'Martine Rebstein')
insert into auteur values(59,'Lise Bourbeau')
insert into auteur values(60,'Joe Dispenza')
insert into auteur values(61,'Michaël Berthoud')
insert into auteur values(62,'Brandon Sanderson')

--insert Editeur values 

insert into editeur values(1,'Éditions de Minuit')
insert into editeur values(2,'Gallimard')
insert into editeur values(3,'Albin Michel')
insert into editeur values(4,'Eyrolles')
insert into editeur values(5,'Mercure de France')
insert into editeur values(6,'First')
insert into editeur values(7,'La Salamandre')
insert into editeur values(8,'Actes Sud')
insert into editeur values(9,'Les Arènes')
insert into editeur values(10,'Bloomsbury')
insert into editeur values(11,'Brown and Company')
insert into editeur values(12,'Albert Lacroix')
insert into editeur values(13,'Chūōkōron Shinsha')
insert into editeur values(14,'Editions ENI')
insert into editeur values(15,'DunoD')
insert into editeur values(16,'Points')
insert into editeur values(17,'Pocket')
insert into editeur values(18,'Arthaud')
insert into editeur values(19,'Editions du Rocher')
insert into editeur values(20,'Secker and Warburg')
insert into editeur values(21,'Favre')
insert into editeur values(22,'Flammarion')
insert into editeur values(23,'Slatkine et Cie')
insert into editeur values(24,'Calmann-Lévy')
insert into editeur values(25,'Le livre de poche')
insert into editeur values(26,'Studyrama')
insert into editeur values(27,'Pearson')
insert into editeur values(28,'PPUR')
insert into editeur values(29,'Loisirs et pédagogie SA')
insert into editeur values(30,'Ecole De Vie Ecoute Ton Corps')
insert into editeur values(31,'Editions ARIANE')
insert into editeur values(32,'De Boeck supérieur')
insert into editeur values(33,'Planeta')
insert into editeur values(34,'J''ai Lu')
insert into editeur values(35,'Belfond')
insert into editeur values(36,'Shinchōsha')
insert into editeur values(37,'Tor Books')
insert into editeur values(38,'Diogenes Verlag AG')
insert into editeur values(39,'J. B. Lippincott & Co.')
insert into editeur values(40,'Attinger')
insert into editeur values(41,'Editions Michel Guérin')
insert into editeur values(42,'En Exergue')
insert into editeur values(43,'Santissa')
insert into editeur values(44,'Marabout')
insert into editeur values(45,'Quintessence')
insert into editeur values(46,'Editions Sciences Humaines')
insert into editeur values(47,'OpenClassrooms')
insert into editeur values(48,'Le Messager russe')
insert into editeur values(49,'Reynal & Hitchcock')
insert into editeur values(50,'Bernard Grasset')


--insert Types d'ouvrages values 

insert into types values(1,'Roman')
insert into types values(2,'Policier')
insert into types values(3,'Informatique')
insert into types values(4,'Thrillers')
insert into types values(5,'Santé')
insert into types values(6,'Diététique')
insert into types values(7,'Economie')
insert into types values(8,'Nature')
insert into types values(9,'Animaux')
insert into types values(10,'Fantasy')
insert into types values(11,'Sport')
insert into types values(12,'Conte')
insert into types values(13,'Philosophie')
insert into types values(14,'Science-fiction')
insert into types values(15,'Sciences')

--insert Ouvrages values 

insert into ouvrage values('à la recherche du temps perdu',14,'1927',50,1)
insert into ouvrage values('L''Acacia',15,'1989',1,1)
insert into ouvrage values('Le Petit Prince',16,'1943',49,12)
insert into ouvrage values('Les Frères Karamazov',17,'1880',48,1)
insert into ouvrage values('La Sorcière',18,'2003',1,1)
insert into ouvrage values('Les oiseaux',19,'2019',7,9)
insert into ouvrage values('Au nom des requins',20,'2022',8,9)
insert into ouvrage values('La vie secrète des arbres',21,'2017',9,8)
insert into ouvrage values('Le guide nature à la montagne',6,'2017',7,8)
insert into ouvrage values('Le guide nature à la campagne',6,'2018',7,8)
insert into ouvrage values('1984',7,'1949',20,14)
insert into ouvrage values('L''Étranger',3,'1942',2,1)
insert into ouvrage values('Harry Potter à l''école des sorciers',8,'1997',10,10)
insert into ouvrage values('Harry Potter et la Chambre des secrets',8,'1998',10,10)
insert into ouvrage values('L''Ickabog',8,'2020',11,12)
insert into ouvrage values('Les Misérables',9,'1862',12,1)
insert into ouvrage values('L''Empire ultime',62,'2006',37,10)
insert into ouvrage values('La Vie devant soi',2,'1975',5,1)
insert into ouvrage values('L''Orage',2,'1935',5,1)
insert into ouvrage values('Tristesse et Beauté',23,'1965',13,1)
insert into ouvrage values('jQuery',24,'2020',4,3)
insert into ouvrage values('Oh my code, je parle le JavaScript !',25,'2021',4,3)
insert into ouvrage values('Le Machine learning avec Python',26,'2018',6,3)
insert into ouvrage values('Apprenez à programmer en Java',27,'2012',47,3)
insert into ouvrage values('Unity3D',28,'2016',14,3)
insert into ouvrage values('Désinformation économique',29,'2022',21,7)
insert into ouvrage values('Le futur des espèces',30,'2021',15,7)
insert into ouvrage values('Bitcoin : comprendre et investir',31,'2021',4,7)
insert into ouvrage values('Principes de l''économie',32,'2019',32,7)
insert into ouvrage values('Qui a tué Heidi ?',33,'2019',17,2)
insert into ouvrage values('La dame de Reykjavik',34,'2020',16,2)
insert into ouvrage values('Restez chez vous',35,'2020',23,4)
insert into ouvrage values('N''avoue jamais',36,'2022',3,2)
insert into ouvrage values('L''île des chasseurs d''oiseaux',37,'2011',8,2)
insert into ouvrage values('Intuitio',5,'2021',24,4)
insert into ouvrage values('L''endroit du monde En quête de nos origines sauvages',38,'2021',18,8)
insert into ouvrage values('Psychologie des animaux',39,'2022',46,9)
insert into ouvrage values('Le grand dictionnaire des malaises et des maladies',40,'2007',45,5)
insert into ouvrage values('Yuka Le guide de l''alimentation',41,'2020',44,6)
insert into ouvrage values('Dis-moi où tu as mal, je te dirai pourquoi',42,'2022',3,5)
insert into ouvrage values('Les remèdes de Grand mère ne se perdront pas …',43,'2021',43,5)
insert into ouvrage values('L''alimentation ou la troisième médecine',44,'2012',19,6)
insert into ouvrage values('Roger Federer Le plus grand de tous les temps',45,'2021',42,11)
insert into ouvrage values('Courir ou mourir',46,'2020',18,11)
insert into ouvrage values('Born to Run',47,'2012',41,11)
insert into ouvrage values('Comment je vois le monde',13,'1934',22,13)
insert into ouvrage values('Le mythe de Sisyphe',3,'1942',2,13)
insert into ouvrage values('Le miracle Spinoza',48,'2019',25,13)
insert into ouvrage values('L''Antéchrist',10,'1895',22,13)
insert into ouvrage values('Le gai savoir',10,'1887',25,13)
insert into ouvrage values('La cybersécurité',49,'2022',26,3)
insert into ouvrage values('Android',50,'2009',15,3)
insert into ouvrage values('Guide des meilleures applications Android',51,'2011',6,3)
insert into ouvrage values('ASP NET 4 5 1 avec C# sous Visual Studio 2013',52,'2014',14,3)
insert into ouvrage values('Fahrenheit 451',53,'2002',2,14)
insert into ouvrage values('Le Hobbit',54,'1937',25,10)
insert into ouvrage values('Biologie',55,'2020',27,15)
insert into ouvrage values('Pourquoi nous vieillissons et n''est pas une fatalité',56,'2022',28,15)
insert into ouvrage values('Physique 2 Mecanique',57,'2013',29,15)
insert into ouvrage values('Chimie Préparation au bac et à la maturité',58,'2015',28,15)
insert into ouvrage values('Ecoute et mange',59,'2009',30,6)
insert into ouvrage values('Le placebo, c''est vous',60,'2015',31,5)
insert into ouvrage values('Ton corps dit : "Aime-toi !"',59,'2012',30,5)
insert into ouvrage values('L''Alchimiste',1,'1988',33,12)
insert into ouvrage values('Onze Minutes',1,'2003',33,1)
insert into ouvrage values('Adultère',1,'2014',34,1)
insert into ouvrage values('Hippie',1,'2018',22,1)
insert into ouvrage values('Kafka sur le rivage',4,'2002',35,1)
insert into ouvrage values('Le Meurtre du Commandeur',4,'2017',36,1)
insert into ouvrage values('La Fin des temps',4,'1985',36,14)
insert into ouvrage values('Sommeil',4,'2010',35,1)
insert into ouvrage values('Les mots',22,'1964',2,1)
insert into ouvrage values('La Peste',3,'1947',2,1)
insert into ouvrage values('Le Parfum',11,'1985',38,1)
insert into ouvrage values('Le Pigeon',11,'1987',38,1)
insert into ouvrage values('To Kill a Mockingbird',12,'1960',39,4)
insert into ouvrage values('Je te promets la liberté',5,'2020',25,1)
insert into ouvrage values('54 plantes sauvages comestibles',61,'2021',40,8)

--delete from ouvrage where titre='tttt' or titre='kkkk'
--drop table auteur
--drop table editeur
--drop table ouvrage
--drop table Utilisateurs

create table Utilisateurs(UserName varchar(40) primary key,passworde varchar(40),ville varchar(20),Telephone varchar(10))

--insert Utilisateurs values 

insert into Utilisateurs values('ali123',1230123,'Rabat','0633445566')
insert into Utilisateurs values('salim alami','ado@20','Casablanca','0611225566')
insert into Utilisateurs values('jalal badis','#sal_am','Fes','0699008877')
insert into Utilisateurs values('sara2001','@2001#sara','salé','0722551144')

--select * from ouvrage where titre like '%t%' or id_auteur LIKE '%1%' or id_type LIKE '%3%'

select * from Utilisateurs
select * from auteur
select * from editeur
select * from types
select * from ouvrage

--SELECT ouvrage.titre, auteur.nom_auteur, ouvrage.année_édition, editeur.nom_editeur, types.nom_type FROM auteur INNER JOIN ouvrage ON auteur.id_auteur = ouvrage.id_auteur INNER JOIN editeur ON ouvrage.id_editeur = editeur.id_editeur INNER JOIN types ON ouvrage.id_type = types.codetype where codetype = 1

--SELECT ouvrage.titre, auteur.nom_auteur,ouvrage.id_auteur, ouvrage.année_édition, editeur.nom_editeur, ouvrage.id_editeur, types.nom_type ,ouvrage.id_type FROM auteur INNER JOIN ouvrage ON auteur.id_auteur = ouvrage.id_auteur INNER JOIN editeur ON ouvrage.id_editeur = editeur.id_editeur INNER JOIN types ON ouvrage.id_type = types.codetype

--UPDATE Utilisateurs set passworde ='ado@20' where UserName='ahmed'